country_code,year,eurostat_production,fao_production,eumofa_production,eurostat_value,fao_value,eumofa_value,ratio_es_fao,ratio_es_eumo,logdiff_es_fao,logdiff_es_eumo,flag_large_gap_fao,flag_large_gap_eumo,notes
AT,2018,0,NA,1172,0,NA,4482000,NA,0,0,-7.067319848653476,FALSE,FALSE,"FAO missing, Eurostat present"
AT,2019,0,NA,1187,0,NA,5110255,NA,0,0,-7.080026499922591,FALSE,FALSE,"FAO missing, Eurostat present"
AT,2020,0,NA,1229,0,NA,5657430,NA,0,0,-7.114769448366463,FALSE,FALSE,"FAO missing, Eurostat present"
AT,2021,0,NA,1261,0,NA,5724713,NA,0,0,-7.140453043101158,FALSE,FALSE,"FAO missing, Eurostat present"
AT,2022,9437,NA,1131,75269793,NA,6440450,NA,8.34394341290893,9.152499372286332,2.1207581135232036,FALSE,TRUE,"FAO missing, Eurostat present"
AT,2023,10340,NA,1207,88436183,NA,7435080,NA,8.566694283347141,9.243871855184976,2.147150476690215,FALSE,TRUE,"FAO missing, Eurostat present"
AT,2024,10016,NA,NA,81022074,NA,NA,NA,NA,9.212038928611765,9.212038928611765,FALSE,FALSE,"FAO missing, Eurostat present"
BE,2018,NA,111,111,NA,844587,841000,NA,NA,NA,NA,FALSE,FALSE,"Eurostat missing, FAO present"
BE,2019,NA,86,86,NA,536385,538347,NA,NA,NA,NA,FALSE,FALSE,"Eurostat missing, FAO present"
BE,2020,NA,209,209,NA,1401185,1394030,NA,NA,NA,NA,FALSE,FALSE,"Eurostat missing, FAO present"
BE,2021,NA,223,223,NA,1446425,1447320,NA,NA,NA,NA,FALSE,FALSE,"Eurostat missing, FAO present"
BE,2022,NA,243,243,NA,1740569,1739960,NA,NA,NA,NA,FALSE,FALSE,"Eurostat missing, FAO present"
BE,2023,NA,261,261,NA,1822632,1832170,NA,NA,NA,NA,FALSE,FALSE,"Eurostat missing, FAO present"
BG,2018,18465,NA,4375,56410221,NA,9068000,NA,4.220571428571429,9.823686482332572,1.439796138230756,FALSE,FALSE,"FAO missing, Eurostat present"
BG,2019,18448,NA,5362,54540885,NA,11106513,NA,3.4405072734054456,9.822765447457765,1.23548664847484,FALSE,FALSE,"FAO missing, Eurostat present"
BG,2020,15253,NA,4274,46552367,NA,9283287,NA,3.5687880205896114,9.632597042724184,1.2720576613533225,FALSE,FALSE,"FAO missing, Eurostat present"
BG,2021,16954,NA,4284,56259225,NA,10674619,NA,3.957516339869281,9.73831805455974,1.375442223527859,FALSE,FALSE,"FAO missing, Eurostat present"
BG,2022,15243,NA,4150,57778979,NA,12331032,NA,3.673012048192771,9.63194126199375,1.3008367139407113,FALSE,FALSE,"FAO missing, Eurostat present"
BG,2023,17619,NA,4150,77600472,NA,13386660,NA,4.245542168674699,9.77678989949017,1.445685351437131,FALSE,FALSE,"FAO missing, Eurostat present"
CY,2018,88,NA,3,725320,NA,55000,NA,29.333333333333332,4.48863636973214,3.102342008612249,FALSE,TRUE,"FAO missing, Eurostat present"
CY,2019,108,NA,4,927138,NA,78800,NA,27,4.6913478822291435,3.081909969795043,FALSE,TRUE,"FAO missing, Eurostat present"
CY,2020,71,NA,3,608138,NA,53428,NA,23.666666666666668,4.276666119016055,2.8903717578961645,FALSE,TRUE,"FAO missing, Eurostat present"
CY,2021,112,NA,4,961007,NA,66000,NA,28,4.727387818712341,3.1179499062782403,FALSE,TRUE,"FAO missing, Eurostat present"
CY,2022,139,NA,5,1188216,NA,72432,NA,27.8,4.941642422609304,3.149882953381249,FALSE,TRUE,"FAO missing, Eurostat present"
CY,2023,125,NA,1,1093820,NA,22370,NA,125,4.836281906951478,4.143134726391533,FALSE,TRUE,"FAO missing, Eurostat present"
CZ,2018,43500,NA,20639,97190002,NA,43797000,NA,2.107660254857309,10.680539205318292,0.7455529857227923,FALSE,FALSE,"FAO missing, Eurostat present"
CZ,2019,41978,NA,20050,82473547,NA,38104830,NA,2.0936658354114712,10.644924772223822,0.7388904654211181,FALSE,FALSE,"FAO missing, Eurostat present"
CZ,2020,40804,NA,19685,77886069,NA,35882009,NA,2.0728473456946914,10.616559901903344,0.7288968997141865,FALSE,FALSE,"FAO missing, Eurostat present"
CZ,2021,41982,NA,19919,89123393,NA,40282648,NA,2.107635925498268,10.645020053422533,0.7455405222839442,FALSE,FALSE,"FAO missing, Eurostat present"
CZ,2022,38518,NA,18559,98439920,NA,46271844,NA,2.0754350988738617,10.558906905035101,0.7301428986949094,FALSE,FALSE,"FAO missing, Eurostat present"
CZ,2023,37227,NA,17954,101233551,NA,47488930,NA,2.0734655230032306,10.524816445305602,0.7291925386454192,FALSE,FALSE,"FAO missing, Eurostat present"
CZ,2024,37370,NA,NA,102342779,NA,NA,NA,NA,10.528650281554203,10.528650281554203,FALSE,FALSE,"FAO missing, Eurostat present"
DE,2018,0,NA,7268,0,NA,32999000,NA,0,0,-8.891374009484636,FALSE,FALSE,"FAO missing, Eurostat present"
DE,2019,0,NA,8468,0,NA,36709187,NA,0,0,-9.0441677169216,FALSE,FALSE,"FAO missing, Eurostat present"
DE,2020,0,NA,8276,0,NA,34761999,NA,0,0,-9.021235862885396,FALSE,FALSE,"FAO missing, Eurostat present"
DE,2021,0,NA,7416,0,NA,37073390,NA,0,0,-8.911529941736559,FALSE,FALSE,"FAO missing, Eurostat present"
DE,2022,0,NA,6897,0,NA,38961205,NA,0,0,-8.838986793496787,FALSE,FALSE,"FAO missing, Eurostat present"
DE,2023,0,NA,6887,0,NA,39541060,NA,0,0,-8.837536046107568,FALSE,FALSE,"FAO missing, Eurostat present"
DK,2018,36260,NA,810,21111776,NA,7706000,NA,44.76543209876543,10.498498062527567,3.8002300084121536,FALSE,TRUE,"FAO missing, Eurostat present"
DK,2019,44452,NA,767,133339345,NA,6134246,NA,57.95567144719687,10.702187730228152,4.05839799708048,FALSE,TRUE,"FAO missing, Eurostat present"
DK,2020,38552,NA,1442,116456597,NA,7381528,NA,26.73509015256588,10.55978919697525,3.2853096382013796,FALSE,TRUE,"FAO missing, Eurostat present"
DK,2021,34167,NA,1473,104003334,NA,11607429,NA,23.19551934826884,10.439044812521303,3.143309739772021,FALSE,TRUE,"FAO missing, Eurostat present"
DK,2022,31836,NA,3051,110376607,NA,15912028,NA,10.434611602753195,10.368384414413704,2.3448320220093564,FALSE,TRUE,"FAO missing, Eurostat present"
DK,2023,27426,NA,NA,100594720,NA,NA,NA,NA,10.219283208646708,10.219283208646708,FALSE,FALSE,"FAO missing, Eurostat present"
EE,2018,0,NA,139,0,NA,872000,NA,0,0,-4.941642422609304,FALSE,FALSE,"FAO missing, Eurostat present"
EE,2019,0,NA,134,0,NA,4175667,NA,0,0,-4.90527477843843,FALSE,FALSE,"FAO missing, Eurostat present"
EE,2020,0,NA,219,0,NA,1339941,NA,0,0,-5.393627546352362,FALSE,FALSE,"FAO missing, Eurostat present"
EE,2021,113,NA,137,465943,NA,860829,NA,0.8248175182481752,4.736198448394496,-0.1910552367627094,FALSE,FALSE,"FAO missing, Eurostat present"
EE,2022,142,NA,123,625862,NA,1016344,NA,1.1544715447154472,4.962844630259907,0.1425630646548699,FALSE,FALSE,"FAO missing, Eurostat present"
EE,2023,180,NA,133,1014456,NA,1194970,NA,1.3533834586466165,5.198497031265826,0.30065723131491495,FALSE,FALSE,"FAO missing, Eurostat present"
EL,2018,4538,NA,404,16239151,NA,2782000,NA,11.232673267326733,8.420462002456466,2.416574935349927,FALSE,TRUE,"FAO missing, Eurostat present"
EL,2019,4106,NA,398,15481712,NA,2676520,NA,10.316582914572864,8.320448113956559,2.331486697066695,FALSE,TRUE,"FAO missing, Eurostat present"
EL,2020,4080,NA,398,14220957,NA,2617529,NA,10.251256281407036,8.314097335405807,2.325135918515943,FALSE,TRUE,"FAO missing, Eurostat present"
EL,2021,3822,NA,298,12330081,NA,2991065,NA,12.825503355704697,8.248790733696413,2.5483471603057266,FALSE,TRUE,"FAO missing, Eurostat present"
EL,2022,4409,NA,389,15611511,NA,2710407,NA,11.334190231362468,8.391629968440892,2.4254832293171997,FALSE,TRUE,"FAO missing, Eurostat present"
EL,2023,4613,NA,185,17355870,NA,357420,NA,24.935135135135134,8.4368504387337,3.211103765020498,FALSE,TRUE,"FAO missing, Eurostat present"
ES,2018,32235,NA,361,104038514,NA,3602000,NA,89.29362880886427,10.380839119444403,4.489194907618631,FALSE,TRUE,"FAO missing, Eurostat present"
ES,2019,32767,NA,508,112516454,NA,4398619,NA,64.50196850393701,10.39720770839918,4.164759691848657,FALSE,TRUE,"FAO missing, Eurostat present"
ES,2020,31945,NA,456,105548078,NA,3861715,NA,70.0548245614035,10.371802256349902,4.247118865455697,FALSE,TRUE,"FAO missing, Eurostat present"
ES,2021,36407,NA,145,126191511,NA,1078269,NA,251.08275862068965,10.502543809696478,5.518937187988142,FALSE,TRUE,"FAO missing, Eurostat present"
ES,2022,33027,NA,396,126963518,NA,4244012,NA,83.40151515151516,10.40511096553732,4.421174684850129,FALSE,TRUE,"FAO missing, Eurostat present"
ES,2023,35180,NA,73,158386225,NA,462380,NA,481.9178082191781,10.468261443129174,6.164196349925004,FALSE,TRUE,"FAO missing, Eurostat present"
FI,2018,4530,NA,NA,21444102,NA,NA,NA,NA,8.418697944667139,8.418697944667139,FALSE,FALSE,"FAO missing, Eurostat present"
FI,2019,4847,NA,NA,18102051,NA,NA,NA,NA,8.48632152774915,8.48632152774915,FALSE,FALSE,"FAO missing, Eurostat present"
FI,2020,5811,NA,NA,20981338,NA,NA,NA,NA,8.667680024690174,8.667680024690174,FALSE,FALSE,"FAO missing, Eurostat present"
FI,2021,5390,NA,NA,23263240,NA,NA,NA,NA,8.592486175451668,8.592486175451668,FALSE,FALSE,"FAO missing, Eurostat present"
FI,2022,5965,NA,NA,32577049,NA,NA,NA,NA,8.693831965074693,8.693831965074693,FALSE,FALSE,"FAO missing, Eurostat present"
FI,2023,6336,NA,NA,35761162,NA,NA,NA,NA,8.754160749323518,8.754160749323518,FALSE,FALSE,"FAO missing, Eurostat present"
FI,2024,8271,NA,NA,43454593,NA,NA,NA,NA,9.02063159674821,9.02063159674821,FALSE,FALSE,"FAO missing, Eurostat present"
FR,2018,76722,NA,3798,283808045,NA,13748000,NA,20.200631911532387,11.247956812025341,3.0054636588377157,FALSE,TRUE,"FAO missing, Eurostat present"
FR,2019,78357,NA,3655,297991831,NA,16006249,NA,21.43830369357045,11.269043348506619,3.0649184159325777,FALSE,TRUE,"FAO missing, Eurostat present"
FR,2020,81671,NA,3340,311359416,NA,14969932,NA,24.45239520958084,11.31046650484885,3.1964410624920934,FALSE,TRUE,"FAO missing, Eurostat present"
FR,2021,75814,NA,3187,314875528,NA,15421741,NA,23.788515845622843,11.23605144123504,3.1689024013249334,FALSE,TRUE,"FAO missing, Eurostat present"
FR,2022,71774,NA,3446,319548036,NA,16381183,NA,20.828206616366803,11.181291504989264,3.0360319384723997,FALSE,TRUE,"FAO missing, Eurostat present"
FR,2023,67053,NA,5679,341732354,NA,28573140,NA,11.807184363444268,11.113253543902827,2.4685470321876295,FALSE,TRUE,"FAO missing, Eurostat present"
FR,2024,78486,NA,NA,416966035,NA,NA,NA,NA,11.27068828496092,11.27068828496092,FALSE,FALSE,"FAO missing, Eurostat present"
HR,2018,5798,2899,2529,13482128,6769454,5378000,2,2.292605773032819,0.6929747519018745,0.8294661861548738,FALSE,FALSE,
HR,2019,6201,3100,2728,14195156,7075467,5727432,2.0003225806451614,2.2730938416422286,0.6931471805599454,0.8209365789520557,FALSE,FALSE,
HR,2020,5557,2732,2388,12407013,6049078,4677074,2.0340409956076133,2.3270519262981573,0.7098384243743814,0.8443634629766397,FALSE,FALSE,
HR,2021,8281,4143,3690,18387733,9204773,7547190,1.9987931450639633,2.2441734417344175,0.6924229801661941,0.8081870610755146,FALSE,FALSE,
HR,2022,8234,4117,3693,21216949,10606049,8769907,2,2.2296236122393718,0.6930257550240064,0.8016834818525549,FALSE,FALSE,
HR,2023,7353,3676,3238,26987699,13416768,11394220,2.000272034820457,2.2708462013588635,0.6931471805599454,0.8199797426898883,FALSE,FALSE,
HR,2024,8863,NA,NA,28954965,NA,NA,NA,NA,9.089753408987065,9.089753408987065,FALSE,FALSE,"FAO missing, Eurostat present"
HU,2018,35801,17852,17827,77509990,38538333,38467000,2.0054335648666815,2.0082459191114603,0.6958321964371752,0.6972335026836909,FALSE,FALSE,
HU,2019,34630,17283,17239,71970677,35920179,35674249,2.0037030608112016,2.008817216775915,0.6949680166242267,0.6975169694583663,FALSE,FALSE,
HU,2020,36770,18436,22115,69683775,35732770,41005875,1.9944673464959861,1.6626723943025097,0.6903499759388847,0.5084081625514525,FALSE,FALSE,
HU,2021,35911,18025,17882,77541214,38483582,38258905,1.9922884882108183,2.008220556984677,0.6892563413454127,0.6972209605737323,FALSE,FALSE,
HU,2022,37414,18557,18646,106604291,54304484,53006770,2.0161664062079,2.0065429582752334,0.7011707306013335,0.6963864182903645,FALSE,FALSE,
HU,2023,35697,17785,17773,118746186,61035487,58819110,2.0071408490300815,2.0084960333089517,0.6966830338298688,0.6973579494910336,FALSE,FALSE,
HU,2024,38971,NA,NA,119248561,NA,NA,NA,NA,10.570598718545233,10.570598718545233,FALSE,FALSE,"FAO missing, Eurostat present"
IE,2019,1216,NA,NA,3351296,NA,NA,NA,NA,7.104144092987527,7.104144092987527,FALSE,FALSE,"FAO missing, Eurostat present"
IE,2020,1208,NA,NA,3765336,NA,NA,NA,NA,7.097548850614793,7.097548850614793,FALSE,FALSE,"FAO missing, Eurostat present"
IE,2021,1074,NA,NA,3523794,NA,NA,NA,NA,6.980075940561763,6.980075940561763,FALSE,FALSE,"FAO missing, Eurostat present"
IE,2022,796,NA,NA,814308,NA,NA,NA,NA,6.680854678790215,6.680854678790215,FALSE,FALSE,"FAO missing, Eurostat present"
IE,2023,0,NA,NA,0,NA,NA,NA,NA,0,0,FALSE,FALSE,"FAO missing, Eurostat present"
IE,2024,1000,NA,NA,2997000,NA,NA,NA,NA,6.90875477931522,6.90875477931522,FALSE,FALSE,"FAO missing, Eurostat present"
IS,2020,10566,NA,NA,73701047,NA,NA,NA,NA,9.265491216441031,9.265491216441031,FALSE,FALSE,"FAO missing, Eurostat present"
IS,2021,11454,NA,NA,70714870,NA,NA,NA,NA,9.346181594887597,9.346181594887597,FALSE,FALSE,"FAO missing, Eurostat present"
IS,2022,10566,NA,NA,80100147,NA,NA,NA,NA,9.265491216441031,9.265491216441031,FALSE,FALSE,"FAO missing, Eurostat present"
IS,2023,11276,NA,NA,85567847,NA,NA,NA,NA,9.330520532232288,9.330520532232288,FALSE,FALSE,"FAO missing, Eurostat present"
IT,2018,73473,NA,2477,240404264,NA,19662000,NA,29.662091239402503,11.204686881123047,3.3894798189339594,FALSE,TRUE,"FAO missing, Eurostat present"
IT,2019,82750,NA,2472,276181292,NA,16950529,NA,33.474919093851135,11.323591377758436,3.5104041102370207,FALSE,TRUE,"FAO missing, Eurostat present"
IT,2020,72966,NA,1891,234944751,NA,11600943,NA,38.58593336858805,11.197762563128435,3.652372813516612,FALSE,TRUE,"FAO missing, Eurostat present"
IT,2021,88609,NA,2285,316399212,NA,15140190,NA,38.77855579868709,11.391999997041347,3.6574411526865918,FALSE,TRUE,"FAO missing, Eurostat present"
IT,2022,64708,NA,2450,237530780,NA,18529700,NA,26.411428571428573,11.077655574369858,3.273404190841746,FALSE,TRUE,"FAO missing, Eurostat present"
IT,2023,74664,NA,1973,451132063,NA,15898980,NA,37.84287886467309,11.220766720491369,3.6329495004979417,FALSE,TRUE,"FAO missing, Eurostat present"
LT,2018,6900,NA,3339,22473699,NA,10765000,NA,2.0664869721473496,8.839421607620602,0.7256955216498557,FALSE,FALSE,"FAO missing, Eurostat present"
LT,2019,7550,NA,3599,23950442,NA,11338369,NA,2.097804945818283,8.929435283803425,0.7407461593592242,FALSE,FALSE,"FAO missing, Eurostat present"
LT,2020,8139,NA,3848,25010940,NA,11510127,NA,2.11512474012474,9.004545458996587,0.7489768057128412,FALSE,FALSE,"FAO missing, Eurostat present"
LT,2021,9629,NA,4686,30454465,NA,14598743,NA,2.054844216816048,9.172638504792172,0.7200905068694663,FALSE,FALSE,"FAO missing, Eurostat present"
LT,2022,8901,NA,4229,37199170,NA,17645056,NA,2.1047528966658784,9.0940312495758,0.744073977535475,FALSE,FALSE,"FAO missing, Eurostat present"
LT,2023,7456,NA,3513,33285346,NA,15539120,NA,2.122402504981497,8.916908467543795,0.7523981987967527,FALSE,FALSE,"FAO missing, Eurostat present"
LT,2024,8111,NA,NA,32522846,NA,NA,NA,NA,9.001099725830965,9.001099725830965,FALSE,FALSE,"FAO missing, Eurostat present"
LV,2018,670,NA,849,1536947,NA,1874000,NA,0.7891637220259128,6.508769136971682,-0.23646721251268055,FALSE,FALSE,"FAO missing, Eurostat present"
LV,2019,1253,NA,578,3693578,NA,1622373,NA,2.167820069204152,7.134093721192866,0.7727912436198707,FALSE,FALSE,"FAO missing, Eurostat present"
LV,2020,1455,NA,642,4503655,NA,1781836,NA,2.2663551401869158,7.283448228756631,0.8173035045190122,FALSE,FALSE,"FAO missing, Eurostat present"
LV,2021,1804,NA,719,6328687,NA,2051767,NA,2.50904033379694,7.498315870766981,0.9190646587568798,FALSE,FALSE,"FAO missing, Eurostat present"
LV,2022,1740,NA,755,6606725,NA,2438935,NA,2.3046357615894038,7.462214939768189,0.8341735635886556,FALSE,FALSE,"FAO missing, Eurostat present"
LV,2023,0,NA,173,0,NA,1038900,NA,0,0,-5.159055299214529,FALSE,FALSE,"FAO missing, Eurostat present"
NL,2018,9822,5015,4620,59374000,32469483,26527000,1.9585244267198405,2.125974025974026,0.672093771362114,0.7541154428046042,FALSE,FALSE,
NL,2019,0,5310,5220,0,29342385,27519909,0,0,-8.577535420422398,-8.560444233410552,FALSE,FALSE,Eurostat << EUMOFA (check)
NL,2020,0,4860,4805,0,27390265,26467883,0,0,-8.488999457045455,-8.477620416296414,FALSE,FALSE,Eurostat << EUMOFA (check)
NL,2021,0,4820,4400,0,26569863,23425000,0,0,-8.480736654405622,-8.38958706681109,FALSE,FALSE,Eurostat << EUMOFA (check)
NL,2022,0,4670,4400,0,25608541,29900800,0,0,-8.449128460502108,-8.38958706681109,FALSE,FALSE,Eurostat << EUMOFA (check)
NL,2023,0,4770,2650,0,33673961,6651310,0,0,-8.470311205516108,-7.8826922062890254,FALSE,FALSE,Eurostat << EUMOFA (check)
NL,2024,0,NA,NA,0,NA,NA,NA,NA,0,0,FALSE,FALSE,"FAO missing, Eurostat present"
NO,2018,834,NA,NA,6267162,NA,NA,NA,NA,6.727431724850855,6.727431724850855,FALSE,FALSE,"FAO missing, Eurostat present"
NO,2019,1436,NA,NA,8771236,NA,NA,NA,NA,7.270312886079025,7.270312886079025,FALSE,FALSE,"FAO missing, Eurostat present"
NO,2020,1268,NA,NA,7698047,NA,NA,NA,NA,7.1459844677143876,7.1459844677143876,FALSE,FALSE,"FAO missing, Eurostat present"
NO,2021,1807,NA,NA,10055448,NA,NA,NA,NA,7.4999765409521215,7.4999765409521215,FALSE,FALSE,"FAO missing, Eurostat present"
NO,2022,2062,NA,NA,12486178,NA,NA,NA,NA,7.631916513071252,7.631916513071252,FALSE,FALSE,"FAO missing, Eurostat present"
NO,2023,2865,NA,NA,16044498,NA,NA,NA,NA,7.960672608388117,7.960672608388117,FALSE,FALSE,"FAO missing, Eurostat present"
NO,2024,2349,NA,NA,13826133,NA,NA,NA,NA,7.762170607138205,7.762170607138205,FALSE,FALSE,"FAO missing, Eurostat present"
PL,2018,73613,NA,19354,209334202,NA,50747000,NA,3.8035031518032447,11.206590504019237,1.3358844410074884,FALSE,FALSE,"FAO missing, Eurostat present"
PL,2019,79461,NA,24268,208382746,NA,57171451,NA,3.274311850997198,11.283034198948636,1.1860791042083,FALSE,FALSE,"FAO missing, Eurostat present"
PL,2020,90836,NA,23936,242068825,NA,54554807,NA,3.7949532085561497,11.416821970575079,1.3336413125986883,FALSE,FALSE,"FAO missing, Eurostat present"
PL,2021,39610,NA,24288,123601642,NA,77883456,NA,1.6308465085639,10.586862136447246,0.4890832845039377,FALSE,FALSE,"FAO missing, Eurostat present"
PL,2022,42201,NA,19834,185828824,NA,90333025,NA,2.127709992941414,10.650222892266003,0.7550195593175726,FALSE,FALSE,"FAO missing, Eurostat present"
PL,2023,40667,NA,21178,185888494,NA,101582700,NA,1.9202474265747473,10.613196821395052,0.6524314177074508,FALSE,FALSE,"FAO missing, Eurostat present"
PT,2018,1346,NA,12,3884044,NA,121000,NA,112.16666666666667,7.205635176410364,4.6406858189488265,FALSE,TRUE,"FAO missing, Eurostat present"
PT,2019,1365,NA,1,4590436,NA,8870,NA,1365,7.2196420401307355,6.52649485957079,FALSE,TRUE,"FAO missing, Eurostat present"
PT,2020,1224,NA,0,4582608,NA,1102,NA,NA,7.110696122978827,7.110696122978827,FALSE,FALSE,"FAO missing, Eurostat present"
PT,2021,490,NA,0,1411200,NA,838,NA,NA,6.19644412779452,6.19644412779452,FALSE,FALSE,"FAO missing, Eurostat present"
PT,2022,827,NA,0,2732993,NA,9418,NA,NA,6.71901315438526,6.71901315438526,FALSE,FALSE,"FAO missing, Eurostat present"
PT,2023,368,NA,1,1367528,NA,10000,NA,368,5.910796644040527,5.217649463480582,FALSE,TRUE,"FAO missing, Eurostat present"
RO,2018,24597,12298,9826,67115389,30720828,24954000,2.0000813140348024,2.5032566659881947,0.6931471805599454,0.9175314394399283,FALSE,FALSE,
RO,2019,25256,12848,10091,74968917,31754832,27861042,1.9657534246575343,2.5028242988801903,0.6758373577222923,0.9173603142448243,FALSE,FALSE,
RO,2020,24300,12371,9442,77975735,39470089,27893432,1.964271279605529,2.5736072865918236,0.6750816469403222,0.9452437754822132,FALSE,FALSE,
RO,2021,23428,11714,8967,71720005,36587679,24696739,2,2.6126909780305563,0.693104499324745,0.9603118855146455,FALSE,FALSE,
RO,2022,22424,11211,8105,82403423,36065959,24820229,2.000178396218,2.7666872301048735,0.6931917746423171,1.0175718797387425,FALSE,FALSE,
RO,2023,22524,11264,7735,95955284,37294481,26587640,1.9996448863636365,2.9119586296056883,0.6929252296101946,1.0687410453434083,FALSE,FALSE,
SE,2018,13630,NA,99,57240284,NA,676000,NA,137.67676767676767,9.520101889570842,4.9149317035827504,FALSE,TRUE,"FAO missing, Eurostat present"
SE,2019,13768,NA,163,44816274,NA,920679,NA,84.46625766871166,9.530174967444372,4.430308539620174,FALSE,TRUE,"FAO missing, Eurostat present"
SE,2020,15078,NA,93,51052876,NA,587193,NA,162.1290322580645,9.621058326365796,5.0777635440957924,FALSE,TRUE,"FAO missing, Eurostat present"
SE,2021,22278,NA,93,611051,NA,611051,NA,239.5483870967742,10.011399809730523,5.46810502746052,FALSE,TRUE,"FAO missing, Eurostat present"
SE,2022,0,NA,1431,0,NA,10345899,NA,0,0,-7.266827347520591,FALSE,FALSE,"FAO missing, Eurostat present"
SE,2023,52,NA,1274,511900,NA,8713410,NA,0.04081632653061224,3.970291913552122,-3.1804095440404043,FALSE,FALSE,"FAO missing, Eurostat present"
SE,2024,8176,NA,NA,40125428,NA,NA,NA,NA,9.009080614161977,9.009080614161977,FALSE,FALSE,"FAO missing, Eurostat present"
SI,2018,0,NA,121,0,NA,336000,NA,0,0,-4.804021044733257,FALSE,FALSE,"FAO missing, Eurostat present"
SI,2019,0,NA,230,0,NA,559436,NA,0,0,-5.442417710521793,FALSE,FALSE,"FAO missing, Eurostat present"
SI,2020,2334,NA,324,0,NA,543050,NA,7.203703703703703,7.755767170102998,1.9719419877732607,FALSE,TRUE,"FAO missing, Eurostat present"
SI,2021,2362,NA,250,10701636,NA,643045,NA,9.448,7.767687277186908,2.242234338055124,FALSE,TRUE,"FAO missing, Eurostat present"
SI,2022,1256,NA,222,5675187,NA,731407,NA,5.657657657657658,7.136483208590247,1.7293114371301286,FALSE,TRUE,"FAO missing, Eurostat present"
SI,2023,587,NA,215,3368603,NA,793390,NA,2.730232558139535,6.376726947898627,1.0014485402144615,FALSE,FALSE,"FAO missing, Eurostat present"
SK,2018,4494,NA,1233,11045606,NA,2712000,NA,3.6447688564476888,8.410720946905721,1.292704742440388,FALSE,FALSE,"FAO missing, Eurostat present"
SK,2019,5377,NA,1739,14199868,NA,3993661,NA,3.092006900517539,8.59007183682881,1.1284314446202357,FALSE,FALSE,"FAO missing, Eurostat present"
SK,2020,4303,NA,1466,10992211,NA,3351178,NA,2.9351978171896316,8.36730010184162,1.0763253236986383,FALSE,FALSE,"FAO missing, Eurostat present"
SK,2021,4835,NA,1140,13981799,NA,2619337,NA,4.241228070175438,8.483843211734683,1.4441828618726076,FALSE,FALSE,"FAO missing, Eurostat present"
SK,2022,5362,NA,1631,16122503,NA,4181815,NA,3.2875536480686693,8.587278798982926,1.1897172634588733,FALSE,FALSE,"FAO missing, Eurostat present"
SK,2023,5536,NA,1706,17908327,NA,4792320,NA,3.2450175849941383,8.619208116822968,1.1767153940285269,FALSE,FALSE,"FAO missing, Eurostat present"
SK,2024,5137,NA,NA,18298031,NA,NA,NA,NA,8.544419177669829,8.544419177669829,FALSE,FALSE,"FAO missing, Eurostat present"
UK,2018,17485,NA,3,66287249,NA,48000,NA,5828.333333333333,9.769155839740836,8.382861478620946,FALSE,TRUE,"FAO missing, Eurostat present"
UK,2019,NA,NA,240,NA,NA,4196318,NA,NA,NA,NA,FALSE,FALSE,
